[{"model": "product.product", "pk": 2, "fields": {"name": "Apple iPhone 15 Pro", "description": "The latest iPhone with A17 Bionic chip, Pro camera system, and Titanium design.", "price": "999.00", "stock": 500, "product_link": "apple-iphone-15-pro", "org_link": "https://www.apple.com/iphone-15-pro/", "created_at": "2025-06-29T08:41:43.606Z", "updated_at": "2025-06-29", "version": null}}, {"model": "product.product", "pk": 3, "fields": {"name": "Samsung Galaxy S24 Ultra", "description": "Flagship Android phone with S Pen, advanced AI features, and powerful camera.", "price": "1199.99", "stock": 400, "product_link": "samsung-galaxy-s24-ultra", "org_link": "https://www.samsung.com/global/galaxy/galaxy-s24-ultra/", "created_at": "2025-06-29T08:41:43.607Z", "updated_at": "2025-06-29", "version": null}}, {"model": "product.product", "pk": 4, "fields": {"name": "Sony PlayStation 5", "description": "Sony PlayStation 5 Next-gen gaming console with ultra-high speed SSD, immersive haptic feedback, and adaptive triggers.", "price": "499.99", "stock": 200, "product_link": "sony-playstation-5", "org_link": "https://www.playstation.com/ps5/", "created_at": "2025-06-29T08:41:43.607Z", "updated_at": "2025-07-05", "version": null}}, {"model": "product.product", "pk": 5, "fields": {"name": "Microsoft Xbox Series X", "description": "The fastest, most powerful Xbox ever, with 12 teraflops of processing power and true 4K gaming.", "price": "499.00", "stock": 120, "product_link": "microsoft-xbox-series-x", "org_link": "https://www.xbox.com/consoles/xbox-series-x", "created_at": "2025-06-29T08:41:43.607Z", "updated_at": "2025-06-29", "version": null}}, {"model": "product.product", "pk": 6, "fields": {"name": "Dell XPS 15", "description": "Premium laptop with stunning InfinityEdge display and powerful performance for creators.", "price": "1899.00", "stock": 80, "product_link": "dell-xps-15", "org_link": "https://www.dell.com/en-us/lp/xps-laptops", "created_at": "2025-06-29T08:41:43.607Z", "updated_at": "2025-06-29", "version": null}}, {"model": "product.product", "pk": 7, "fields": {"name": "HP Spectre x360 14", "description": "Convertible laptop with flexible design, stunning display, and long battery life for productivity on the go.", "price": "1499.99", "stock": 70, "product_link": "hp-spectre-x360-14", "org_link": "https://www.hp.com/us-en/laptops/spectre-x360.html", "created_at": "2025-06-29T08:41:43.607Z", "updated_at": "2025-06-29", "version": null}}, {"model": "product.product", "pk": 8, "fields": {"name": "Bose QuietComfort 45", "description": "Noise-cancelling headphones with comfortable design and renowned sound quality.", "price": "279.00", "stock": 300, "product_link": "bose-quietcomfort-45", "org_link": "https://www.bose.com/headphones/noise-cancelling-headphones/quietcomfort-headphones/QC45.html", "created_at": "2025-06-29T08:41:43.607Z", "updated_at": "2025-06-29", "version": null}}, {"model": "product.product", "pk": 9, "fields": {"name": "Sony WH-1000XM5", "description": "Industry-leading noise-cancelling headphones with exceptional call quality and personalized listening experience.", "price": "349.99", "stock": 250, "product_link": "sony-wh-1000xm5", "org_link": "https://www.sony.com/electronics/headband-headphones/wh-1000xm5", "created_at": "2025-06-29T08:41:43.607Z", "updated_at": "2025-06-29", "version": null}}, {"model": "product.product", "pk": 10, "fields": {"name": "Canon EOS R5", "description": "Full-frame mirrorless camera for professional photographers and videographers, with 8K video recording.", "price": "3899.00", "stock": 20, "product_link": "canon-eos-r5", "org_link": "https://www.usa.canon.com/cameras/eos-r5", "created_at": "2025-06-29T08:41:43.607Z", "updated_at": "2025-06-29", "version": null}}, {"model": "product.product", "pk": 11, "fields": {"name": "Nikon Z9", "description": "Flagship mirrorless camera designed for speed, accuracy, and reliability in demanding situations.", "price": "5499.95", "stock": 15, "product_link": "nikon-z9", "org_link": "https://www.nikonusa.com/en/nikon-products/mirrorless-cameras/z-9.page", "created_at": "2025-06-29T08:41:43.607Z", "updated_at": "2025-06-29", "version": null}}, {"model": "product.product", "pk": 12, "fields": {"name": "GoPro HERO12 Black", "description": "Versatile action camera with HyperSmooth stabilization and enhanced low-light performance.", "price": "399.99", "stock": 180, "product_link": "gopro-hero12-black", "org_link": "https://gopro.com/en/us/shop/cameras/hero12-black/CHDHX-121-master.html", "created_at": "2025-06-29T08:41:43.607Z", "updated_at": "2025-06-29", "version": null}}, {"model": "product.product", "pk": 13, "fields": {"name": "DJI Mini 4 Pro", "description": "Foldable mini-drone with impressive flight capabilities and a high-quality camera for aerial photography.", "price": "759.00", "stock": 60, "product_link": "dji-mini-4-pro", "org_link": "https://www.dji.com/mini-4-pro", "created_at": "2025-06-29T08:41:43.607Z", "updated_at": "2025-06-29", "version": null}}, {"model": "product.product", "pk": 14, "fields": {"name": "Amazon Echo Dot (5th Gen)", "description": "Amazon Echo Dot (5th Gen) Smart speaker with improved audio, clearer vocals, and deeper bass, powered by Alexa.", "price": "49.99", "stock": 800, "product_link": "amazon-echo-dot-5th-gen", "org_link": "https://www.amazon.com/echo-dot-5th-generation", "created_at": "2025-06-29T08:41:43.607Z", "updated_at": "2025-07-06", "version": {"version": 1}}}, {"model": "product.product", "pk": 15, "fields": {"name": "Google Nest Hub (2nd Gen)", "description": "Smart display with Google Assistant, sleep tracking, and media streaming.", "price": "99.00", "stock": 350, "product_link": "google-nest-hub-2nd-gen", "org_link": "https://store.google.com/product/google_nest_hub_2nd_gen", "created_at": "2025-06-29T08:41:43.607Z", "updated_at": "2025-06-29", "version": null}}, {"model": "product.product", "pk": 16, "fields": {"name": "Logitech MX Master 3S", "description": "Advanced wireless mouse designed for ultimate comfort, control, and productivity.", "price": "99.99", "stock": 400, "product_link": "logitech-mx-master-3s", "org_link": "https://www.logitech.com/en-us/products/mice/mx-master-3s-wireless-mouse.910-006557.html", "created_at": "2025-06-29T08:41:43.607Z", "updated_at": "2025-06-29", "version": null}}, {"model": "product.product", "pk": 17, "fields": {"name": "Razer BlackWidow V4 Pro", "description": "Gaming keyboard with customizable RGB lighting, macro keys, and responsive mechanical switches.", "price": "229.99", "stock": 105, "product_link": "razer-blackwidow-v4-pro", "org_link": "https://www.razer.com/gaming-keyboards/razer-blackwidow-v4-pro", "created_at": "2025-06-29T08:41:43.607Z", "updated_at": "2025-06-29", "version": null}}, {"model": "product.product", "pk": 18, "fields": {"name": "LG C3 OLED TV", "description": "Stunning OLED TV with self-lit pixels for perfect blacks and vibrant colors, ideal for movies and gaming.", "price": "1499.00", "stock": 50, "product_link": "lg-c3-oled-tv-65inch", "org_link": "https://www.lg.com/us/tvs/lg-oled65c3pua", "created_at": "2025-06-29T08:41:43.607Z", "updated_at": "2025-06-29", "version": null}}, {"model": "product.product", "pk": 19, "fields": {"name": "Samsung QN90C Neo QLED TV", "description": "Mini LED TV with incredible brightness, contrast, and vibrant colors, delivering an immersive viewing experience.", "price": "1999.99", "stock": 40, "product_link": "samsung-qn90c-neo-qled-tv-75inch", "org_link": "https://www.samsung.com/us/televisions-home-theater/tvs/neo-qled-4k-tvs/qn90c-neo-qled-4k-smart-tv-2023-qn75qn90cafxza/", "created_at": "2025-06-29T08:41:43.607Z", "updated_at": "2025-06-29", "version": null}}, {"model": "product.product", "pk": 20, "fields": {"name": "Dyson V15 Detect", "description": "Powerful cordless vacuum cleaner with laser detection to reveal microscopic dust.", "price": "749.99", "stock": 105, "product_link": "dyson-v15-detect", "org_link": "https://www.dyson.com/vacuums/cordless-vacuums/v15-detect/features", "created_at": "2025-06-29T08:41:43.607Z", "updated_at": "2025-06-29", "version": null}}, {"model": "product.product", "pk": 21, "fields": {"name": "iRobot Roomba j7+", "description": "Robot vacuum with obstacle avoidance and automatic dirt disposal, perfect for busy homes.", "price": "799.00", "stock": 90, "product_link": "irobot-roomba-j7-plus", "org_link": "https://www.irobot.com/global/us/products/roomba-robot-vacuums/j-series/roomba-j7plus-robot-vacuum-pidj755020", "created_at": "2025-06-29T08:41:43.607Z", "updated_at": "2025-06-29", "version": null}}, {"model": "product.product", "pk": 22, "fields": {"name": "Fitbit Charge 6", "description": "Advanced fitness tracker with built-in GPS, heart rate monitoring, and Google integration.", "price": "159.95", "stock": 250, "product_link": "fitbit-charge-6", "org_link": "https://www.fitbit.com/global/us/products/trackers/charge6", "created_at": "2025-06-29T08:41:43.607Z", "updated_at": "2025-06-29", "version": null}}, {"model": "product.product", "pk": 23, "fields": {"name": "Garmin Fenix 7 Pro", "description": "Garmin Fenix 7 Pro Rugged multisport GPS smartwatch with solar charging and advanced training metrics.", "price": "999.99", "stock": 80, "product_link": "garmin-fenix-7-pro", "org_link": "https://www.garmin.com/en-US/p/886725", "created_at": "2025-06-29T08:41:43.607Z", "updated_at": "2025-07-06", "version": null}}, {"model": "product.product", "pk": 24, "fields": {"name": "Philips Hue Starter Kit", "description": "Smart lighting starter kit with color-changing bulbs and a Hue Bridge for full control.", "price": "199.99", "stock": 150, "product_link": "philips-hue-starter-kit", "org_link": "https://www.philips-hue.com/en-us/products/smart-light-starter-kits", "created_at": "2025-06-29T08:41:43.607Z", "updated_at": "2025-06-29", "version": null}}, {"model": "product.product", "pk": 25, "fields": {"name": "Ring Video Doorbell 4", "description": "Wireless video doorbell with 1080p HD video, two-way talk, and quick-release battery.", "price": "219.99", "stock": 130, "product_link": "ring-video-doorbell-4", "org_link": "https://ring.com/products/video-doorbell-4", "created_at": "2025-06-29T08:41:43.607Z", "updated_at": "2025-06-29", "version": null}}, {"model": "product.product", "pk": 26, "fields": {"name": "Nest Thermostat", "description": "Smart thermostat that learns your schedule and helps save energy, controllable from your phone.", "price": "129.99", "stock": 110, "product_link": "nest-thermostat", "org_link": "https://store.google.com/product/nest_thermostat", "created_at": "2025-06-29T08:41:43.607Z", "updated_at": "2025-06-29", "version": null}}, {"model": "product.product", "pk": 27, "fields": {"name": "Sonos Era 300", "description": "Spatial audio smart speaker that delivers immersive surround sound for movies and music.", "price": "449.00", "stock": 70, "product_link": "sonos-era-300", "org_link": "https://www.sonos.com/en-us/shop/era-300", "created_at": "2025-06-29T08:41:43.607Z", "updated_at": "2025-06-29", "version": null}}, {"model": "product.product", "pk": 28, "fields": {"name": "JBL Flip 6", "description": "Portable waterproof Bluetooth speaker with powerful sound and vibrant color options.", "price": "129.95", "stock": 300, "product_link": "jbl-flip-6", "org_link": "https://www.jbl.com/bluetooth-speakers/JBL+FLIP+6.html", "created_at": "2025-06-29T08:41:43.607Z", "updated_at": "2025-06-29", "version": null}}, {"model": "product.product", "pk": 29, "fields": {"name": "Microsoft Surface Laptop Studio 2", "description": "Versatile laptop with a dynamic woven hinge, powerful graphics, and touch display for creativity and productivity.", "price": "2399.00", "stock": 45, "product_link": "microsoft-surface-laptop-studio-2", "org_link": "https://www.microsoft.com/en-us/surface/devices/surface-laptop-studio-2", "created_at": "2025-06-29T08:41:43.607Z", "updated_at": "2025-06-29", "version": null}}, {"model": "product.product", "pk": 30, "fields": {"name": "Apple MacBook Air M3", "description": "Thin and light laptop with the powerful M3 chip, Liquid Retina display, and long battery life.", "price": "1099.00", "stock": 200, "product_link": "apple-macbook-air-m3", "org_link": "https://www.apple.com/macbook-air-m3/", "created_at": "2025-06-29T08:41:43.607Z", "updated_at": "2025-06-29", "version": null}}, {"model": "product.product", "pk": 31, "fields": {"name": "Google Pixel Buds Pro", "description": "Premium wireless earbuds with active noise cancellation, transparency mode, and personalized sound.", "price": "199.99", "stock": 350, "product_link": "google-pixel-buds-pro", "org_link": "https://store.google.com/product/pixel_buds_pro", "created_at": "2025-06-29T08:41:43.607Z", "updated_at": "2025-06-29", "version": null}}, {"model": "product.product", "pk": 32, "fields": {"name": "Anker PowerCore III Elite 25600", "description": "High-capacity portable charger for multiple device recharges on the go.", "price": "119.99", "stock": 200, "product_link": "anker-powercore-iii-elite-25600", "org_link": "https://us.anker.com/products/a1290", "created_at": "2025-06-29T08:41:43.607Z", "updated_at": "2025-06-29", "version": null}}, {"model": "product.product", "pk": 33, "fields": {"name": "SanDisk Extreme Portable SSD", "description": "Durable and fast external SSD for reliable data storage and transfers on the go.", "price": "129.00", "stock": 150, "product_link": "sandisk-extreme-portable-ssd-1tb", "org_link": "https://www.westerndigital.com/products/portable-drives/sandisk-extreme-portable-ssd", "created_at": "2025-06-29T08:41:43.607Z", "updated_at": "2025-06-29", "version": null}}, {"model": "product.product", "pk": 34, "fields": {"name": "Logitech C920s Pro HD Webcam", "description": "Full HD webcam for clear video calls and streaming with privacy shutter.", "price": "69.99", "stock": 250, "product_link": "logitech-c920s-pro-hd-webcam", "org_link": "https://www.logitech.com/en-us/products/webcams/c920s-pro-hd-webcam.html", "created_at": "2025-06-29T08:41:43.607Z", "updated_at": "2025-06-29", "version": null}}, {"model": "product.product", "pk": 35, "fields": {"name": "NETGEAR Nighthawk RAXE500", "description": "Tri-band WiFi 6E router for ultimate gaming and streaming performance.", "price": "599.99", "stock": 30, "product_link": "netgear-nighthawk-raxe500", "org_link": "https://www.netgear.com/home/wifi/routers/raxe500/", "created_at": "2025-06-29T08:41:43.607Z", "updated_at": "2025-06-29", "version": null}}, {"model": "product.product", "pk": 36, "fields": {"name": "TP-Link Kasa Smart Plug Mini (2-pack)", "description": "Compact smart plugs for controlling electronics from anywhere with your phone.", "price": "19.99", "stock": 700, "product_link": "tp-link-kasa-smart-plug-mini", "org_link": "https://www.tp-link.com/us/home-networking/smart-plug/kp105/", "created_at": "2025-06-29T08:41:43.607Z", "updated_at": "2025-06-29", "version": null}}, {"model": "product.product", "pk": 37, "fields": {"name": "Roku Streaming Stick 4K", "description": "Powerful streaming stick with brilliant 4K picture and voice remote.", "price": "49.99", "stock": 400, "product_link": "roku-streaming-stick-4k", "org_link": "https://www.roku.com/products/roku-streaming-stick-4k", "created_at": "2025-06-29T08:41:43.607Z", "updated_at": "2025-06-29", "version": null}}, {"model": "product.product", "pk": 38, "fields": {"name": "Fire TV Stick 4K Max", "description": "Amazon's most powerful streaming stick for 4K streaming with Wi-Fi 6 support.", "price": "59.99", "stock": 380, "product_link": "fire-tv-stick-4k-max", "org_link": "https://www.amazon.com/fire-tv-stick-4k-max", "created_at": "2025-06-29T08:41:43.607Z", "updated_at": "2025-06-29", "version": null}}, {"model": "product.product", "pk": 39, "fields": {"name": "Apple Watch Series 9", "description": "Advanced smartwatch with blood oxygen sensor, ECG app, and Always-On Retina display.", "price": "399.00", "stock": 280, "product_link": "apple-watch-series-9", "org_link": "https://www.apple.com/apple-watch-series-9/", "created_at": "2025-06-29T08:41:43.607Z", "updated_at": "2025-06-29", "version": null}}, {"model": "product.product", "pk": 40, "fields": {"name": "Google Pixel Watch 2", "description": "Sleek smartwatch with advanced health tracking, Google AI, and a comfortable design.", "price": "349.99", "stock": 220, "product_link": "google-pixel-watch-2", "org_link": "https://store.google.com/product/pixel_watch_2", "created_at": "2025-06-29T08:41:43.607Z", "updated_at": "2025-06-29", "version": null}}, {"model": "product.product", "pk": 41, "fields": {"name": "Eufy Security SoloCam S40", "description": "Wire-free outdoor security camera with solar panel, 2K resolution, and spotlight.", "price": "199.99", "stock": 105, "product_link": "eufy-security-solocam-s40", "org_link": "https://us.eufylife.com/products/t8401", "created_at": "2025-06-29T08:41:43.607Z", "updated_at": "2025-06-29", "version": null}}, {"model": "product.product", "pk": 42, "fields": {"name": "Arlo Pro 4 Spotlight Camera", "description": "Wireless 2K HDR security camera with integrated spotlight, color night vision, and wide viewing angle.", "price": "179.99", "stock": 90, "product_link": "arlo-pro-4-spotlight-camera", "org_link": "https://www.arlo.com/en-us/cameras/pro/pro4.html", "created_at": "2025-06-29T08:41:43.607Z", "updated_at": "2025-06-29", "version": null}}, {"model": "product.product", "pk": 43, "fields": {"name": "Nanoleaf Shapes Hexagons Smarter Kit", "description": "Modular smart light panels that connect to create unique designs and dynamic lighting effects.", "price": "199.99", "stock": 80, "product_link": "nanoleaf-shapes-hexagons-smarter-kit", "org_link": "https://nanoleaf.me/en-US/products/nanoleaf-shapes/hexagons/", "created_at": "2025-06-29T08:41:43.607Z", "updated_at": "2025-06-29", "version": null}}, {"model": "product.product", "pk": 44, "fields": {"name": "Govee Glide Wall Light", "description": "Modular RGBIC LED wall light bars for immersive ambient lighting and gaming setups.", "price": "89.99", "stock": 150, "product_link": "govee-glide-wall-light", "org_link": "https://us.govee.com/products/govee-rgbic-glide-wall-light", "created_at": "2025-06-29T08:41:43.607Z", "updated_at": "2025-06-29", "version": null}}, {"model": "product.product", "pk": 45, "fields": {"name": "Instant Pot Duo Nova 7-in-1", "description": "Multi-use pressure cooker that combines 7 appliances in one, for quick and easy meals.", "price": "79.99", "stock": 120, "product_link": "instant-pot-duo-nova-7-in-1-6qt", "org_link": "https://instantbrands.com/shop/instant-pot/duo/duo-nova/", "created_at": "2025-06-29T08:41:43.607Z", "updated_at": "2025-06-29", "version": null}}, {"model": "product.product", "pk": 46, "fields": {"name": "Ninja Foodi 10-in-1 Smart XL Air Fry Oven", "description": "Large capacity air fry oven with 10 cooking functions and smart thermometer.", "price": "299.99", "stock": 60, "product_link": "ninja-foodi-10-in-1-smart-xl-air-fry-oven", "org_link": "https://www.ninjakitchen.com/exclusive-offer/SF301/ninja-foodi-smart-xl-air-fry-oven/", "created_at": "2025-06-29T08:41:43.607Z", "updated_at": "2025-06-29", "version": null}}, {"model": "product.product", "pk": 47, "fields": {"name": "Breville Barista Express Impress", "description": "Espresso machine with integrated grinder and intelligent dosing for perfect shots.", "price": "799.95", "stock": 40, "product_link": "breville-barista-express-impress", "org_link": "https://www.breville.com/us/en/products/espresso/bes876.html", "created_at": "2025-06-29T08:41:43.607Z", "updated_at": "2025-06-29", "version": null}}, {"model": "product.product", "pk": 48, "fields": {"name": "Vitamix Ascent Series A3500", "description": "Smart blender with touchscreen controls, programmed settings, and self-detect containers.", "price": "649.99", "stock": 30, "product_link": "vitamix-ascent-series-a3500", "org_link": "https://www.vitamix.com/us/en_us/shop/a3500", "created_at": "2025-06-29T08:41:43.607Z", "updated_at": "2025-06-29", "version": null}}, {"model": "product.product", "pk": 49, "fields": {"name": "Google pixel", "description": "Google pixel mobile with chrome browser built in", "price": "19000.00", "stock": 180, "product_link": "https://vivo.com", "org_link": "https://www.mobile.com", "created_at": "2025-07-05T08:08:07.773Z", "updated_at": "2025-07-05", "version": null}}, {"model": "product.product", "pk": 50, "fields": {"name": "butter fly kettle", "description": "butter fly kettle for boild veggies or eggs or hot water", "price": "1200.00", "stock": 400, "product_link": "", "org_link": null, "created_at": "2025-07-06T08:35:43.145Z", "updated_at": "2025-07-06", "version": null}}, {"model": "product.order", "pk": 4, "fields": {"user": 13, "product": 14, "quantity": 1, "order_date": "2025-07-06T08:06:11.090Z"}}, {"model": "product.order", "pk": 5, "fields": {"user": 13, "product": 11, "quantity": 1, "order_date": "2025-07-06T08:50:23.860Z"}}, {"model": "product.order", "pk": 6, "fields": {"user": 13, "product": 17, "quantity": 34, "order_date": "2025-07-06T08:58:54.866Z"}}, {"model": "product.order", "pk": 7, "fields": {"user": 13, "product": 13, "quantity": 2, "order_date": "2025-07-06T08:59:55.410Z"}}, {"model": "product.productrating", "pk": 3, "fields": {"user": 13, "product": 2, "rating": 2, "review": "not up to the cost"}}, {"model": "product.productrating", "pk": 4, "fields": {"user": 13, "product": 49, "rating": 3, "review": "okayish product"}}, {"model": "product.productrating", "pk": 5, "fields": {"user": 13, "product": 18, "rating": 4, "review": "long lasting product"}}, {"model": "product.productrating", "pk": 6, "fields": {"user": 13, "product": 50, "rating": 3, "review": "can't boil veggies"}}, {"model": "product.productrating", "pk": 7, "fields": {"user": 13, "product": 50, "rating": 4, "review": "can boil eggs"}}]