[
{
    "model": "product.product",
    "pk": 1,
    "fields": {
        "name": "radio",
        "description": "radio radio fm",
        "price": "324.00",
        "stock": 45,
        "product_link": "my-first-post",
        "org_link": "https://www.google.com/",
        "created_at": "2025-09-13T05:49:49.978Z",
        "updated_at": "2025-09-13",
        "version": 2.3
    }
},
{
    "model": "product.product",
    "pk": 2,
    "fields": {
        "name": "earbuds",
        "description": "earbuds anchor earphones",
        "price": "1800.00",
        "stock": 67,
        "product_link": "https://www.pro.in",
        "org_link": null,
        "created_at": "2025-09-13T06:05:33.704Z",
        "updated_at": "2025-09-13",
        "version": null
    }
},
{
    "model": "product.product",
    "pk": 5,
    "fields": {
        "name": "vivo 100 pixel",
        "description": "vivo 100 pixel mobile with camera with phone call option",
        "price": "19000.00",
        "stock": 180,
        "product_link": "https://vivo.com",
        "org_link": "https://www.mobile.com",
        "created_at": "2025-09-14T06:25:41.486Z",
        "updated_at": "2025-09-14",
        "version": null
    }
},
{
    "model": "product.order",
    "pk": 1,
    "fields": {
        "user": 1,
        "product": 2,
        "quantity": 5,
        "order_date": "2025-09-13T06:54:37.017Z"
    }
},
{
    "model": "product.order",
    "pk": 2,
    "fields": {
        "user": 1,
        "product": 2,
        "quantity": 2,
        "order_date": "2025-09-13T06:54:51.515Z"
    }
},
{
    "model": "product.productrating",
    "pk": 1,
    "fields": {
        "user": 1,
        "product": 2,
        "rating": 4,
        "review": "nice product"
    }
},
{
    "model": "product.productrating",
    "pk": 2,
    "fields": {
        "user": 1,
        "product": 1,
        "rating": 3,
        "review": "avg product"
    }
}
]
